[
  {
    "_id": {
      "$oid": "68a488a1502886aaaf669001"
    },
    "userId": "counselor_001",
    "name": "Dr. Priya Mehta",
    "email": ".priya.mehta@mentalhealth.com",
    "phone": "+91-9876543001",
    "specialization": "Career Guidance",
    "category": "career_counseling",
    "experience": 3,
    "qualifications": [
      "BA Psychology",
      "MA Clinical Psychology",
      "Career Development Facilitator",
      "Certified Career Counselor"
    ],
    "consultationFee": 1200,
    "availability": [
      {
        "day": "Tuesday",
        "slots": [
          "14:00",
          "15:00",
          "16:00"
        ],
        "_id": {
          "$oid": "68a488a1502886aaaf6693e9"
        }
      },
      {
        "day": "Wednesday",
        "slots": [
          "14:00",
          "15:00",
          "16:00"
        ],
        "_id": {
          "$oid": "68a488a1502886aaaf6693ea"
        }
      },
      {
        "day": "Thursday",
        "slots": [
          "14:00",
          "15:00",
          "16:00"
        ],
        "_id": {
          "$oid": "68a488a1502886aaaf6693eb"
        }
      }
    ],
    "status": "approved",
    "createdAt": {
      "$date": "2025-09-20T10:24:00.000Z"
    },
    "updatedAt": {
      "$date": "2025-09-20T10:24:00.000Z"
    },
    "__v": 0
  },
  {
    "_id": {
      "$oid": "68a488a1502886aaaf669002"
    },
    "userId": "counselor_002",
    "name": "Sarah Johnson",
    "email": "sarah.johnson@mentalhealth.com",
    "phone": "+91-9876543002",
    "specialization": "Job Transition",
    "category": "career_counseling",
    "experience": 4,
    "qualifications": [
      "BA Psychology",
      "MA Clinical Psychology",
      "Career Development Facilitator",
      "Certified Career Counselor"
    ],
    "consultationFee": 1400,
    "availability": [
      {
        "day": "Wednesday",
        "slots": [
          "09:00",
          "10:00",
          "11:00",
          "14:00",
          "15:00",
          "16:00"
        ],
        "_id": {
          "$oid": "68a488a1502886aaaf6693ea"
        }
      },
      {
        "day": "Thursday",
        "slots": [
          "09:00",
          "10:00",
          "11:00",
          "14:00",
          "15:00",
          "16:00"
        ],
        "_id": {
          "$oid": "68a488a1502886aaaf6693eb"
        }
      },
      {
        "day": "Friday",
        "slots": [
          "09:00",
          "10:00",
          "11:00",
          "14:00",
          "15:00",
          "16:00"
        ],
        "_id": {
          "$oid": "68a488a1502886aaaf6693ec"
        }
      }
    ],
    "status": "approved",
    "createdAt": {
      "$date": "2025-09-20T10:24:00.000Z"
    },
    "updatedAt": {
      "$date": "2025-09-20T10:24:00.000Z"
    },
    "__v": 0
  },
  {
    "_id": {
      "$oid": "68a488a1502886aaaf669003"
    },
    "userId": "counselor_003",
    "name": "Dr. Rahul Gupta",
    "email": ".rahul.gupta@mentalhealth.com",
    "phone": "+91-9876543003",
    "specialization": "Academic Planning",
    "category": "career_counseling",
    "experience": 5,
    "qualifications": [
      "BA Psychology",
      "MA Clinical Psychology",
      "Career Development Facilitator",
      "Certified Career Counselor"
    ],
    "consultationFee": 1600,
    "availability": [
      {
        "day": "Monday",
        "slots": [],
        "_id": {
          "$oid": "68a488a1502886aaaf6693eb"
        }
      },
      {
        "day": "Tuesday",
        "slots": [],
        "_id": {
          "$oid": "68a488a1502886aaaf6693ec"
        }
      },
      {
        "day": "Wednesday",
        "slots": [],
        "_id": {
          "$oid": "68a488a1502886aaaf6693ed"
        }
      }
    ],
    "status": "approved",
    "createdAt": {
      "$date": "2025-09-20T10:24:00.000Z"
    },
    "updatedAt": {
      "$date": "2025-09-20T10:24:00.000Z"
    },
    "__v": 0
  },
  {
    "_id": {
      "$oid": "68a488a1502886aaaf669004"
    },
    "userId": "counselor_004",
    "name": "Emily Chen",
    "email": "emily.chen@mentalhealth.com",
    "phone": "+91-9876543004",
    "specialization": "Professional Development",
    "category": "career_counseling",
    "experience": 6,
    "qualifications": [
      "BA Psychology",
      "MA Clinical Psychology",
      "Career Development Facilitator",
      "Certified Career Counselor"
    ],
    "consultationFee": 1800,
    "availability": [
      {
        "day": "Tuesday",
        "slots": [
          "09:00",
          "10:00",
          "11:00",
          "14:00",
          "15:00",
          "16:00",
          "18:00",
          "19:00"
        ],
        "_id": {
          "$oid": "68a488a1502886aaaf6693ec"
        }
      },
      {
        "day": "Wednesday",
        "slots": [
          "09:00",
          "10:00",
          "11:00",
          "14:00",
          "15:00",
          "16:00",
          "18:00",
          "19:00"
        ],
        "_id": {
          "$oid": "68a488a1502886aaaf6693ed"
        }
      },
      {
        "day": "Thursday",
        "slots": [
          "09:00",
          "10:00",
          "11:00",
          "14:00",
          "15:00",
          "16:00",
          "18:00",
          "19:00"
        ],
        "_id": {
          "$oid": "68a488a1502886aaaf6693ee"
        }
      }
    ],
    "status": "approved",
    "createdAt": {
      "$date": "2025-09-20T10:24:00.000Z"
    },
    "updatedAt": {
      "$date": "2025-09-20T10:24:00.000Z"
    },
    "__v": 0
  },
  {
    "_id": {
      "$oid": "68a488a1502886aaaf669005"
    },
    "userId": "counselor_005",
    "name": "Dr. Arjun Kapoor",
    "email": ".arjun.kapoor@mentalhealth.com",
    "phone": "+91-9876543005",
    "specialization": "Career Change",
    "category": "career_counseling",
    "experience": 7,
    "qualifications": [
      "BA Psychology",
      "MA Clinical Psychology",
      "Career Development Facilitator",
      "Certified Career Counselor"
    ],
    "consultationFee": 2000,
    "availability": [
      {
        "day": "Wednesday",
        "slots": [
          "14:00",
          "15:00",
          "16:00"
        ],
        "_id": {
          "$oid": "68a488a1502886aaaf6693ed"
        }
      },
      {
        "day": "Thursday",
        "slots": [
          "14:00",
          "15:00",
          "16:00"
        ],
        "_id": {
          "$oid": "68a488a1502886aaaf6693ee"
        }
      },
      {
        "day": "Friday",
        "slots": [
          "14:00",
          "15:00",
          "16:00"
        ],
        "_id": {
          "$oid": "68a488a1502886aaaf6693ef"
        }
      }
    ],
    "status": "approved",
    "createdAt": {
      "$date": "2025-09-20T10:24:00.000Z"
    },
    "updatedAt": {
      "$date": "2025-09-20T10:24:00.000Z"
    },
    "__v": 0
  },
  {
    "_id": {
      "$oid": "68a488a1502886aaaf669006"
    },
    "userId": "counselor_006",
    "name": "Jessica Williams",
    "email": "jessica.williams@mentalhealth.com",
    "phone": "+91-9876543006",
    "specialization": "Work-Life Balance",
    "category": "career_counseling",
    "experience": 8,
    "qualifications": [
      "BA Psychology",
      "MA Clinical Psychology",
      "Career Development Facilitator",
      "Certified Career Counselor"
    ],
    "consultationFee": 2200,
    "availability": [
      {
        "day": "Monday",
        "slots": [
          "09:00",
          "10:00",
          "11:00"
        ],
        "_id": {
          "$oid": "68a488a1502886aaaf6693ee"
        }
      },
      {
        "day": "Tuesday",
        "slots": [
          "09:00",
          "10:00",
          "11:00"
        ],
        "_id": {
          "$oid": "68a488a1502886aaaf6693ef"
        }
      },
      {
        "day": "Wednesday",
        "slots": [
          "09:00",
          "10:00",
          "11:00"
        ],
        "_id": {
          "$oid": "68a488a1502886aaaf6693f0"
        }
      }
    ],
    "status": "approved",
    "createdAt": {
      "$date": "2025-09-20T10:24:00.000Z"
    },
    "updatedAt": {
      "$date": "2025-09-20T10:24:00.000Z"
    },
    "__v": 0
  },
  {
    "_id": {
      "$oid": "68a488a1502886aaaf669007"
    },
    "userId": "counselor_007",
    "name": "Dr. Sneha Patel",
    "email": ".sneha.patel@mentalhealth.com",
    "phone": "+91-9876543007",
    "specialization": "Interview Preparation",
    "category": "career_counseling",
    "experience": 9,
    "qualifications": [
      "BA Psychology",
      "MA Clinical Psychology",
      "Career Development Facilitator",
      "Certified Career Counselor"
    ],
    "consultationFee": 2400,
    "availability": [
      {
        "day": "Tuesday",
        "slots": [
          "14:00",
          "15:00",
          "16:00"
        ],
        "_id": {
          "$oid": "68a488a1502886aaaf6693ef"
        }
      },
      {
        "day": "Wednesday",
        "slots": [
          "14:00",
          "15:00",
          "16:00"
        ],
        "_id": {
          "$oid": "68a488a1502886aaaf6693f0"
        }
      },
      {
        "day": "Thursday",
        "slots": [
          "14:00",
          "15:00",
          "16:00"
        ],
        "_id": {
          "$oid": "68a488a1502886aaaf6693f1"
        }
      }
    ],
    "status": "approved",
    "createdAt": {
      "$date": "2025-09-20T10:24:00.000Z"
    },
    "updatedAt": {
      "$date": "2025-09-20T10:24:00.000Z"
    },
    "__v": 0
  },
  {
    "_id": {
      "$oid": "68a488a1502886aaaf669008"
    },
    "userId": "counselor_008",
    "name": "Michael Brown",
    "email": "michael.brown@mentalhealth.com",
    "phone": "+91-9876543008",
    "specialization": "Skill Assessment",
    "category": "career_counseling",
    "experience": 10,
    "qualifications": [
      "BA Psychology",
      "MA Clinical Psychology",
      "Career Development Facilitator",
      "Certified Career Counselor"
    ],
    "consultationFee": 2600,
    "availability": [
      {
        "day": "Wednesday",
        "slots": [
          "09:00",
          "10:00",
          "11:00",
          "14:00",
          "15:00",
          "16:00",
          "18:00",
          "19:00"
        ],
        "_id": {
          "$oid": "68a488a1502886aaaf6693f0"
        }
      },
      {
        "day": "Thursday",
        "slots": [
          "09:00",
          "10:00",
          "11:00",
          "14:00",
          "15:00",
          "16:00",
          "18:00",
          "19:00"
        ],
        "_id": {
          "$oid": "68a488a1502886aaaf6693f1"
        }
      },
      {
        "day": "Friday",
        "slots": [
          "09:00",
          "10:00",
          "11:00",
          "14:00",
          "15:00",
          "16:00",
          "18:00",
          "19:00"
        ],
        "_id": {
          "$oid": "68a488a1502886aaaf6693f2"
        }
      }
    ],
    "status": "approved",
    "createdAt": {
      "$date": "2025-09-20T10:24:00.000Z"
    },
    "updatedAt": {
      "$date": "2025-09-20T10:24:00.000Z"
    },
    "__v": 0
  },
  {
    "_id": {
      "$oid": "68a488a1502886aaaf669009"
    },
    "userId": "counselor_009",
    "name": "Dr. Kavya Sharma",
    "email": ".kavya.sharma@mentalhealth.com",
    "phone": "+91-9876543009",
    "specialization": "Marriage Counseling",
    "category": "relationship_counseling",
    "experience": 11,
    "qualifications": [
      "BA Psychology",
      "MA Clinical Psychology",
      "Marriage & Family Therapy License",
      "Gottman Method Training"
    ],
    "consultationFee": 2800,
    "availability": [
      {
        "day": "Monday",
        "slots": [],
        "_id": {
          "$oid": "68a488a1502886aaaf6693f1"
        }
      },
      {
        "day": "Tuesday",
        "slots": [],
        "_id": {
          "$oid": "68a488a1502886aaaf6693f2"
        }
      },
      {
        "day": "Wednesday",
        "slots": [],
        "_id": {
          "$oid": "68a488a1502886aaaf6693f3"
        }
      }
    ],
    "status": "approved",
    "createdAt": {
      "$date": "2025-09-20T10:24:00.000Z"
    },
    "updatedAt": {
      "$date": "2025-09-20T10:24:00.000Z"
    },
    "__v": 0
  },
  {
    "_id": {
      "$oid": "68a488a1502886aaaf66900a"
    },
    "userId": "counselor_010",
    "name": "Lisa Davis",
    "email": "lisa.davis@mentalhealth.com",
    "phone": "+91-9876543010",
    "specialization": "Family Therapy",
    "category": "relationship_counseling",
    "experience": 12,
    "qualifications": [
      "BA Psychology",
      "MA Clinical Psychology",
      "Marriage & Family Therapy License",
      "Gottman Method Training"
    ],
    "consultationFee": 1000,
    "availability": [
      {
        "day": "Tuesday",
        "slots": [
          "09:00",
          "10:00",
          "11:00",
          "14:00",
          "15:00",
          "16:00"
        ],
        "_id": {
          "$oid": "68a488a1502886aaaf6693f2"
        }
      },
      {
        "day": "Wednesday",
        "slots": [
          "09:00",
          "10:00",
          "11:00",
          "14:00",
          "15:00",
          "16:00"
        ],
        "_id": {
          "$oid": "68a488a1502886aaaf6693f3"
        }
      },
      {
        "day": "Thursday",
        "slots": [
          "09:00",
          "10:00",
          "11:00",
          "14:00",
          "15:00",
          "16:00"
        ],
        "_id": {
          "$oid": "68a488a1502886aaaf6693f4"
        }
      }
    ],
    "status": "approved",
    "createdAt": {
      "$date": "2025-09-20T10:24:00.000Z"
    },
    "updatedAt": {
      "$date": "2025-09-20T10:24:00.000Z"
    },
    "__v": 0
  },
  {
    "_id": {
      "$oid": "68a488a1502886aaaf66900b"
    },
    "userId": "counselor_011",
    "name": "Dr. Vikram Singh",
    "email": ".vikram.singh@mentalhealth.com",
    "phone": "+91-9876543011",
    "specialization": "Couples Therapy",
    "category": "relationship_counseling",
    "experience": 13,
    "qualifications": [
      "BA Psychology",
      "MA Clinical Psychology",
      "Marriage & Family Therapy License",
      "Gottman Method Training"
    ],
    "consultationFee": 1200,
    "availability": [
      {
        "day": "Wednesday",
        "slots": [
          "14:00",
          "15:00",
          "16:00"
        ],
        "_id": {
          "$oid": "68a488a1502886aaaf6693f3"
        }
      },
      {
        "day": "Thursday",
        "slots": [
          "14:00",
          "15:00",
          "16:00"
        ],
        "_id": {
          "$oid": "68a488a1502886aaaf6693f4"
        }
      },
      {
        "day": "Friday",
        "slots": [
          "14:00",
          "15:00",
          "16:00"
        ],
        "_id": {
          "$oid": "68a488a1502886aaaf6693f5"
        }
      }
    ],
    "status": "approved",
    "createdAt": {
      "$date": "2025-09-20T10:24:00.000Z"
    },
    "updatedAt": {
      "$date": "2025-09-20T10:24:00.000Z"
    },
    "__v": 0
  },
  {
    "_id": {
      "$oid": "68a488a1502886aaaf66900c"
    },
    "userId": "counselor_012",
    "name": "Amanda Taylor",
    "email": "amanda.taylor@mentalhealth.com",
    "phone": "+91-9876543012",
    "specialization": "Divorce Counseling",
    "category": "relationship_counseling",
    "experience": 14,
    "qualifications": [
      "BA Psychology",
      "MA Clinical Psychology",
      "Marriage & Family Therapy License",
      "Gottman Method Training"
    ],
    "consultationFee": 1400,
    "availability": [
      {
        "day": "Monday",
        "slots": [
          "09:00",
          "10:00",
          "11:00",
          "18:00",
          "19:00"
        ],
        "_id": {
          "$oid": "68a488a1502886aaaf6693f4"
        }
      },
      {
        "day": "Tuesday",
        "slots": [
          "09:00",
          "10:00",
          "11:00",
          "18:00",
          "19:00"
        ],
        "_id": {
          "$oid": "68a488a1502886aaaf6693f5"
        }
      },
      {
        "day": "Wednesday",
        "slots": [
          "09:00",
          "10:00",
          "11:00",
          "18:00",
          "19:00"
        ],
        "_id": {
          "$oid": "68a488a1502886aaaf6693f6"
        }
      }
    ],
    "status": "approved",
    "createdAt": {
      "$date": "2025-09-20T10:24:00.000Z"
    },
    "updatedAt": {
      "$date": "2025-09-20T10:24:00.000Z"
    },
    "__v": 0
  },
  {
    "_id": {
      "$oid": "68a488a1502886aaaf66900d"
    },
    "userId": "counselor_013",
    "name": "Dr. Riya Joshi",
    "email": ".riya.joshi@mentalhealth.com",
    "phone": "+91-9876543013",
    "specialization": "Dating and Relationships",
    "category": "relationship_counseling",
    "experience": 15,
    "qualifications": [
      "BA Psychology",
      "MA Clinical Psychology",
      "Marriage & Family Therapy License",
      "Gottman Method Training"
    ],
    "consultationFee": 1600,
    "availability": [
      {
        "day": "Tuesday",
        "slots": [
          "14:00",
          "15:00",
          "16:00"
        ],
        "_id": {
          "$oid": "68a488a1502886aaaf6693f5"
        }
      },
      {
        "day": "Wednesday",
        "slots": [
          "14:00",
          "15:00",
          "16:00"
        ],
        "_id": {
          "$oid": "68a488a1502886aaaf6693f6"
        }
      },
      {
        "day": "Thursday",
        "slots": [
          "14:00",
          "15:00",
          "16:00"
        ],
        "_id": {
          "$oid": "68a488a1502886aaaf6693f7"
        }
      }
    ],
    "status": "approved",
    "createdAt": {
      "$date": "2025-09-20T10:24:00.000Z"
    },
    "updatedAt": {
      "$date": "2025-09-20T10:24:00.000Z"
    },
    "__v": 0
  },
  {
    "_id": {
      "$oid": "68a488a1502886aaaf66900e"
    },
    "userId": "counselor_014",
    "name": "David Wilson",
    "email": "david.wilson@mentalhealth.com",
    "phone": "+91-9876543014",
    "specialization": "Communication Skills",
    "category": "relationship_counseling",
    "experience": 16,
    "qualifications": [
      "BA Psychology",
      "MA Clinical Psychology",
      "Marriage & Family Therapy License",
      "Gottman Method Training"
    ],
    "consultationFee": 1800,
    "availability": [
      {
        "day": "Wednesday",
        "slots": [
          "09:00",
          "10:00",
          "11:00",
          "14:00",
          "15:00",
          "16:00"
        ],
        "_id": {
          "$oid": "68a488a1502886aaaf6693f6"
        }
      },
      {
        "day": "Thursday",
        "slots": [
          "09:00",
          "10:00",
          "11:00",
          "14:00",
          "15:00",
          "16:00"
        ],
        "_id": {
          "$oid": "68a488a1502886aaaf6693f7"
        }
      },
      {
        "day": "Friday",
        "slots": [
          "09:00",
          "10:00",
          "11:00",
          "14:00",
          "15:00",
          "16:00"
        ],
        "_id": {
          "$oid": "68a488a1502886aaaf6693f8"
        }
      }
    ],
    "status": "approved",
    "createdAt": {
      "$date": "2025-09-20T10:24:00.000Z"
    },
    "updatedAt": {
      "$date": "2025-09-20T10:24:00.000Z"
    },
    "__v": 0
  },
  {
    "_id": {
      "$oid": "68a488a1502886aaaf66900f"
    },
    "userId": "counselor_015",
    "name": "Dr. Anita Reddy",
    "email": ".anita.reddy@mentalhealth.com",
    "phone": "+91-9876543015",
    "specialization": "Conflict Resolution",
    "category": "relationship_counseling",
    "experience": 17,
    "qualifications": [
      "BA Psychology",
      "MA Clinical Psychology",
      "Marriage & Family Therapy License",
      "Gottman Method Training"
    ],
    "consultationFee": 2000,
    "availability": [
      {
        "day": "Monday",
        "slots": [],
        "_id": {
          "$oid": "68a488a1502886aaaf6693f7"
        }
      },
      {
        "day": "Tuesday",
        "slots": [],
        "_id": {
          "$oid": "68a488a1502886aaaf6693f8"
        }
      },
      {
        "day": "Wednesday",
        "slots": [],
        "_id": {
          "$oid": "68a488a1502886aaaf6693f9"
        }
      }
    ],
    "status": "approved",
    "createdAt": {
      "$date": "2025-09-20T10:24:00.000Z"
    },
    "updatedAt": {
      "$date": "2025-09-20T10:24:00.000Z"
    },
    "__v": 0
  },
  {
    "_id": {
      "$oid": "68a488a1502886aaaf669010"
    },
    "userId": "counselor_016",
    "name": "Mark Thompson",
    "email": "mark.thompson@mentalhealth.com",
    "phone": "+91-9876543016",
    "specialization": "Pre-marital Counseling",
    "category": "relationship_counseling",
    "experience": 18,
    "qualifications": [
      "BA Psychology",
      "MA Clinical Psychology",
      "Marriage & Family Therapy License",
      "Gottman Method Training"
    ],
    "consultationFee": 2200,
    "availability": [
      {
        "day": "Tuesday",
        "slots": [
          "09:00",
          "10:00",
          "11:00",
          "14:00",
          "15:00",
          "16:00",
          "18:00",
          "19:00"
        ],
        "_id": {
          "$oid": "68a488a1502886aaaf6693f8"
        }
      },
      {
        "day": "Wednesday",
        "slots": [
          "09:00",
          "10:00",
          "11:00",
          "14:00",
          "15:00",
          "16:00",
          "18:00",
          "19:00"
        ],
        "_id": {
          "$oid": "68a488a1502886aaaf6693f9"
        }
      },
      {
        "day": "Thursday",
        "slots": [
          "09:00",
          "10:00",
          "11:00",
          "14:00",
          "15:00",
          "16:00",
          "18:00",
          "19:00"
        ],
        "_id": {
          "$oid": "68a488a1502886aaaf6693fa"
        }
      }
    ],
    "status": "approved",
    "createdAt": {
      "$date": "2025-09-20T10:24:00.000Z"
    },
    "updatedAt": {
      "$date": "2025-09-20T10:24:00.000Z"
    },
    "__v": 0
  },
  {
    "_id": {
      "$oid": "68a488a1502886aaaf669011"
    },
    "userId": "counselor_017",
    "name": "Dr. Pooja Agarwal",
    "email": ".pooja.agarwal@mentalhealth.com",
    "phone": "+91-9876543017",
    "specialization": "Substance Abuse",
    "category": "addiction_counseling",
    "experience": 19,
    "qualifications": [
      "BA Psychology",
      "MA Clinical Psychology",
      "Certified Addiction Counselor",
      "NAADAC Certification"
    ],
    "consultationFee": 2400,
    "availability": [
      {
        "day": "Wednesday",
        "slots": [
          "14:00",
          "15:00",
          "16:00"
        ],
        "_id": {
          "$oid": "68a488a1502886aaaf6693f9"
        }
      },
      {
        "day": "Thursday",
        "slots": [
          "14:00",
          "15:00",
          "16:00"
        ],
        "_id": {
          "$oid": "68a488a1502886aaaf6693fa"
        }
      },
      {
        "day": "Friday",
        "slots": [
          "14:00",
          "15:00",
          "16:00"
        ],
        "_id": {
          "$oid": "68a488a1502886aaaf6693fb"
        }
      }
    ],
    "status": "approved",
    "createdAt": {
      "$date": "2025-09-20T10:24:00.000Z"
    },
    "updatedAt": {
      "$date": "2025-09-20T10:24:00.000Z"
    },
    "__v": 0
  },
  {
    "_id": {
      "$oid": "68a488a1502886aaaf669012"
    },
    "userId": "counselor_018",
    "name": "Rachel Green",
    "email": "rachel.green@mentalhealth.com",
    "phone": "+91-9876543018",
    "specialization": "Alcohol Addiction",
    "category": "addiction_counseling",
    "experience": 20,
    "qualifications": [
      "BA Psychology",
      "MA Clinical Psychology",
      "Certified Addiction Counselor",
      "NAADAC Certification"
    ],
    "consultationFee": 2600,
    "availability": [
      {
        "day": "Monday",
        "slots": [
          "09:00",
          "10:00",
          "11:00"
        ],
        "_id": {
          "$oid": "68a488a1502886aaaf6693fa"
        }
      },
      {
        "day": "Tuesday",
        "slots": [
          "09:00",
          "10:00",
          "11:00"
        ],
        "_id": {
          "$oid": "68a488a1502886aaaf6693fb"
        }
      },
      {
        "day": "Wednesday",
        "slots": [
          "09:00",
          "10:00",
          "11:00"
        ],
        "_id": {
          "$oid": "68a488a1502886aaaf6693fc"
        }
      }
    ],
    "status": "approved",
    "createdAt": {
      "$date": "2025-09-20T10:24:00.000Z"
    },
    "updatedAt": {
      "$date": "2025-09-20T10:24:00.000Z"
    },
    "__v": 0
  },
  {
    "_id": {
      "$oid": "68a488a1502886aaaf669013"
    },
    "userId": "counselor_019",
    "name": "Dr. Suresh Kumar",
    "email": ".suresh.kumar@mentalhealth.com",
    "phone": "+91-9876543019",
    "specialization": "Drug Rehabilitation",
    "category": "addiction_counseling",
    "experience": 21,
    "qualifications": [
      "BA Psychology",
      "MA Clinical Psychology",
      "Certified Addiction Counselor",
      "NAADAC Certification"
    ],
    "consultationFee": 2800,
    "availability": [
      {
        "day": "Tuesday",
        "slots": [
          "14:00",
          "15:00",
          "16:00"
        ],
        "_id": {
          "$oid": "68a488a1502886aaaf6693fb"
        }
      },
      {
        "day": "Wednesday",
        "slots": [
          "14:00",
          "15:00",
          "16:00"
        ],
        "_id": {
          "$oid": "68a488a1502886aaaf6693fc"
        }
      },
      {
        "day": "Thursday",
        "slots": [
          "14:00",
          "15:00",
          "16:00"
        ],
        "_id": {
          "$oid": "68a488a1502886aaaf6693fd"
        }
      }
    ],
    "status": "approved",
    "createdAt": {
      "$date": "2025-09-20T10:24:00.000Z"
    },
    "updatedAt": {
      "$date": "2025-09-20T10:24:00.000Z"
    },
    "__v": 0
  },
  {
    "_id": {
      "$oid": "68a488a1502886aaaf669014"
    },
    "userId": "counselor_020",
    "name": "Sophie Martin",
    "email": "sophie.martin@mentalhealth.com",
    "phone": "+91-9876543020",
    "specialization": "Behavioral Addictions",
    "category": "addiction_counseling",
    "experience": 3,
    "qualifications": [
      "BA Psychology",
      "MA Clinical Psychology",
      "Certified Addiction Counselor",
      "NAADAC Certification"
    ],
    "consultationFee": 1000,
    "availability": [
      {
        "day": "Wednesday",
        "slots": [
          "09:00",
          "10:00",
          "11:00",
          "14:00",
          "15:00",
          "16:00",
          "18:00",
          "19:00"
        ],
        "_id": {
          "$oid": "68a488a1502886aaaf6693fc"
        }
      },
      {
        "day": "Thursday",
        "slots": [
          "09:00",
          "10:00",
          "11:00",
          "14:00",
          "15:00",
          "16:00",
          "18:00",
          "19:00"
        ],
        "_id": {
          "$oid": "68a488a1502886aaaf6693fd"
        }
      },
      {
        "day": "Friday",
        "slots": [
          "09:00",
          "10:00",
          "11:00",
          "14:00",
          "15:00",
          "16:00",
          "18:00",
          "19:00"
        ],
        "_id": {
          "$oid": "68a488a1502886aaaf6693fe"
        }
      }
    ],
    "status": "approved",
    "createdAt": {
      "$date": "2025-09-20T10:24:00.000Z"
    },
    "updatedAt": {
      "$date": "2025-09-20T10:24:00.000Z"
    },
    "__v": 0
  },
  {
    "_id": {
      "$oid": "68a488a1502886aaaf669015"
    },
    "userId": "counselor_021",
    "name": "Dr. Meera Nair",
    "email": ".meera.nair@mentalhealth.com",
    "phone": "+91-9876543021",
    "specialization": "Smoking Cessation",
    "category": "addiction_counseling",
    "experience": 3,
    "qualifications": [
      "BA Psychology",
      "MA Clinical Psychology",
      "Certified Addiction Counselor",
      "NAADAC Certification"
    ],
    "consultationFee": 1200,
    "availability": [
      {
        "day": "Monday",
        "slots": [],
        "_id": {
          "$oid": "68a488a1502886aaaf6693fd"
        }
      },
      {
        "day": "Tuesday",
        "slots": [],
        "_id": {
          "$oid": "68a488a1502886aaaf6693fe"
        }
      },
      {
        "day": "Wednesday",
        "slots": [],
        "_id": {
          "$oid": "68a488a1502886aaaf6693ff"
        }
      }
    ],
    "status": "approved",
    "createdAt": {
      "$date": "2025-09-20T10:24:00.000Z"
    },
    "updatedAt": {
      "$date": "2025-09-20T10:24:00.000Z"
    },
    "__v": 0
  },
  {
    "_id": {
      "$oid": "68a488a1502886aaaf669016"
    },
    "userId": "counselor_022",
    "name": "James Anderson",
    "email": "james.anderson@mentalhealth.com",
    "phone": "+91-9876543022",
    "specialization": "Gaming Addiction",
    "category": "addiction_counseling",
    "experience": 4,
    "qualifications": [
      "BA Psychology",
      "MA Clinical Psychology",
      "Certified Addiction Counselor",
      "NAADAC Certification"
    ],
    "consultationFee": 1400,
    "availability": [
      {
        "day": "Tuesday",
        "slots": [
          "09:00",
          "10:00",
          "11:00",
          "14:00",
          "15:00",
          "16:00"
        ],
        "_id": {
          "$oid": "68a488a1502886aaaf6693fe"
        }
      },
      {
        "day": "Wednesday",
        "slots": [
          "09:00",
          "10:00",
          "11:00",
          "14:00",
          "15:00",
          "16:00"
        ],
        "_id": {
          "$oid": "68a488a1502886aaaf6693ff"
        }
      },
      {
        "day": "Thursday",
        "slots": [
          "09:00",
          "10:00",
          "11:00",
          "14:00",
          "15:00",
          "16:00"
        ],
        "_id": {
          "$oid": "68a488a1502886aaaf669400"
        }
      }
    ],
    "status": "approved",
    "createdAt": {
      "$date": "2025-09-20T10:24:00.000Z"
    },
    "updatedAt": {
      "$date": "2025-09-20T10:24:00.000Z"
    },
    "__v": 0
  },
  {
    "_id": {
      "$oid": "68a488a1502886aaaf669017"
    },
    "userId": "counselor_023",
    "name": "Dr. Deepa Verma",
    "email": ".deepa.verma@mentalhealth.com",
    "phone": "+91-9876543023",
    "specialization": "Recovery Support",
    "category": "addiction_counseling",
    "experience": 5,
    "qualifications": [
      "BA Psychology",
      "MA Clinical Psychology",
      "Certified Addiction Counselor",
      "NAADAC Certification"
    ],
    "consultationFee": 1600,
    "availability": [
      {
        "day": "Wednesday",
        "slots": [
          "14:00",
          "15:00",
          "16:00"
        ],
        "_id": {
          "$oid": "68a488a1502886aaaf6693ff"
        }
      },
      {
        "day": "Thursday",
        "slots": [
          "14:00",
          "15:00",
          "16:00"
        ],
        "_id": {
          "$oid": "68a488a1502886aaaf669400"
        }
      },
      {
        "day": "Friday",
        "slots": [
          "14:00",
          "15:00",
          "16:00"
        ],
        "_id": {
          "$oid": "68a488a1502886aaaf669401"
        }
      }
    ],
    "status": "approved",
    "createdAt": {
      "$date": "2025-09-20T10:24:00.000Z"
    },
    "updatedAt": {
      "$date": "2025-09-20T10:24:00.000Z"
    },
    "__v": 0
  },
  {
    "_id": {
      "$oid": "68a488a1502886aaaf669018"
    },
    "userId": "counselor_024",
    "name": "Olivia Johnson",
    "email": "olivia.johnson@mentalhealth.com",
    "phone": "+91-9876543024",
    "specialization": "Relapse Prevention",
    "category": "addiction_counseling",
    "experience": 6,
    "qualifications": [
      "BA Psychology",
      "MA Clinical Psychology",
      "Certified Addiction Counselor",
      "NAADAC Certification"
    ],
    "consultationFee": 1800,
    "availability": [
      {
        "day": "Monday",
        "slots": [
          "09:00",
          "10:00",
          "11:00",
          "18:00",
          "19:00"
        ],
        "_id": {
          "$oid": "68a488a1502886aaaf669400"
        }
      },
      {
        "day": "Tuesday",
        "slots": [
          "09:00",
          "10:00",
          "11:00",
          "18:00",
          "19:00"
        ],
        "_id": {
          "$oid": "68a488a1502886aaaf669401"
        }
      },
      {
        "day": "Wednesday",
        "slots": [
          "09:00",
          "10:00",
          "11:00",
          "18:00",
          "19:00"
        ],
        "_id": {
          "$oid": "68a488a1502886aaaf669402"
        }
      }
    ],
    "status": "approved",
    "createdAt": {
      "$date": "2025-09-20T10:24:00.000Z"
    },
    "updatedAt": {
      "$date": "2025-09-20T10:24:00.000Z"
    },
    "__v": 0
  },
  {
    "_id": {
      "$oid": "68a488a1502886aaaf669019"
    },
    "userId": "counselor_025",
    "name": "Dr. Raj Patel",
    "email": ".raj.patel@mentalhealth.com",
    "phone": "+91-9876543025",
    "specialization": "PTSD Therapy",
    "category": "trauma_counseling",
    "experience": 7,
    "qualifications": [
      "BA Psychology",
      "MA Clinical Psychology",
      "EMDR Certification",
      "Trauma-Informed Care Training"
    ],
    "consultationFee": 2000,
    "availability": [
      {
        "day": "Tuesday",
        "slots": [
          "14:00",
          "15:00",
          "16:00"
        ],
        "_id": {
          "$oid": "68a488a1502886aaaf669401"
        }
      },
      {
        "day": "Wednesday",
        "slots": [
          "14:00",
          "15:00",
          "16:00"
        ],
        "_id": {
          "$oid": "68a488a1502886aaaf669402"
        }
      },
      {
        "day": "Thursday",
        "slots": [
          "14:00",
          "15:00",
          "16:00"
        ],
        "_id": {
          "$oid": "68a488a1502886aaaf669403"
        }
      }
    ],
    "status": "approved",
    "createdAt": {
      "$date": "2025-09-20T10:24:00.000Z"
    },
    "updatedAt": {
      "$date": "2025-09-20T10:24:00.000Z"
    },
    "__v": 0
  },
  {
    "_id": {
      "$oid": "68a488a1502886aaaf66901a"
    },
    "userId": "counselor_026",
    "name": "Emma White",
    "email": "emma.white@mentalhealth.com",
    "phone": "+91-9876543026",
    "specialization": "Childhood Trauma",
    "category": "trauma_counseling",
    "experience": 8,
    "qualifications": [
      "BA Psychology",
      "MA Clinical Psychology",
      "EMDR Certification",
      "Trauma-Informed Care Training"
    ],
    "consultationFee": 2200,
    "availability": [
      {
        "day": "Wednesday",
        "slots": [
          "09:00",
          "10:00",
          "11:00",
          "14:00",
          "15:00",
          "16:00"
        ],
        "_id": {
          "$oid": "68a488a1502886aaaf669402"
        }
      },
      {
        "day": "Thursday",
        "slots": [
          "09:00",
          "10:00",
          "11:00",
          "14:00",
          "15:00",
          "16:00"
        ],
        "_id": {
          "$oid": "68a488a1502886aaaf669403"
        }
      },
      {
        "day": "Friday",
        "slots": [
          "09:00",
          "10:00",
          "11:00",
          "14:00",
          "15:00",
          "16:00"
        ],
        "_id": {
          "$oid": "68a488a1502886aaaf669404"
        }
      }
    ],
    "status": "approved",
    "createdAt": {
      "$date": "2025-09-20T10:24:00.000Z"
    },
    "updatedAt": {
      "$date": "2025-09-20T10:24:00.000Z"
    },
    "__v": 0
  },
  {
    "_id": {
      "$oid": "68a488a1502886aaaf66901b"
    },
    "userId": "counselor_027",
    "name": "Dr. Sanjay Malhotra",
    "email": ".sanjay.malhotra@mentalhealth.com",
    "phone": "+91-9876543027",
    "specialization": "Sexual Abuse Recovery",
    "category": "trauma_counseling",
    "experience": 9,
    "qualifications": [
      "BA Psychology",
      "MA Clinical Psychology",
      "EMDR Certification",
      "Trauma-Informed Care Training"
    ],
    "consultationFee": 2400,
    "availability": [
      {
        "day": "Monday",
        "slots": [],
        "_id": {
          "$oid": "68a488a1502886aaaf669403"
        }
      },
      {
        "day": "Tuesday",
        "slots": [],
        "_id": {
          "$oid": "68a488a1502886aaaf669404"
        }
      },
      {
        "day": "Wednesday",
        "slots": [],
        "_id": {
          "$oid": "68a488a1502886aaaf669405"
        }
      }
    ],
    "status": "approved",
    "createdAt": {
      "$date": "2025-09-20T10:24:00.000Z"
    },
    "updatedAt": {
      "$date": "2025-09-20T10:24:00.000Z"
    },
    "__v": 0
  },
  {
    "_id": {
      "$oid": "68a488a1502886aaaf66901c"
    },
    "userId": "counselor_028",
    "name": "Grace Lee",
    "email": "grace.lee@mentalhealth.com",
    "phone": "+91-9876543028",
    "specialization": "Grief and Loss",
    "category": "trauma_counseling",
    "experience": 10,
    "qualifications": [
      "BA Psychology",
      "MA Clinical Psychology",
      "EMDR Certification",
      "Trauma-Informed Care Training"
    ],
    "consultationFee": 2600,
    "availability": [
      {
        "day": "Tuesday",
        "slots": [
          "09:00",
          "10:00",
          "11:00",
          "14:00",
          "15:00",
          "16:00",
          "18:00",
          "19:00"
        ],
        "_id": {
          "$oid": "68a488a1502886aaaf669404"
        }
      },
      {
        "day": "Wednesday",
        "slots": [
          "09:00",
          "10:00",
          "11:00",
          "14:00",
          "15:00",
          "16:00",
          "18:00",
          "19:00"
        ],
        "_id": {
          "$oid": "68a488a1502886aaaf669405"
        }
      },
      {
        "day": "Thursday",
        "slots": [
          "09:00",
          "10:00",
          "11:00",
          "14:00",
          "15:00",
          "16:00",
          "18:00",
          "19:00"
        ],
        "_id": {
          "$oid": "68a488a1502886aaaf669406"
        }
      }
    ],
    "status": "approved",
    "createdAt": {
      "$date": "2025-09-20T10:24:00.000Z"
    },
    "updatedAt": {
      "$date": "2025-09-20T10:24:00.000Z"
    },
    "__v": 0
  },
  {
    "_id": {
      "$oid": "68a488a1502886aaaf66901d"
    },
    "userId": "counselor_029",
    "name": "Dr. Nisha Bansal",
    "email": ".nisha.bansal@mentalhealth.com",
    "phone": "+91-9876543029",
    "specialization": "Crisis Intervention",
    "category": "trauma_counseling",
    "experience": 11,
    "qualifications": [
      "BA Psychology",
      "MA Clinical Psychology",
      "EMDR Certification",
      "Trauma-Informed Care Training"
    ],
    "consultationFee": 2800,
    "availability": [
      {
        "day": "Wednesday",
        "slots": [
          "14:00",
          "15:00",
          "16:00"
        ],
        "_id": {
          "$oid": "68a488a1502886aaaf669405"
        }
      },
      {
        "day": "Thursday",
        "slots": [
          "14:00",
          "15:00",
          "16:00"
        ],
        "_id": {
          "$oid": "68a488a1502886aaaf669406"
        }
      },
      {
        "day": "Friday",
        "slots": [
          "14:00",
          "15:00",
          "16:00"
        ],
        "_id": {
          "$oid": "68a488a1502886aaaf669407"
        }
      }
    ],
    "status": "approved",
    "createdAt": {
      "$date": "2025-09-20T10:24:00.000Z"
    },
    "updatedAt": {
      "$date": "2025-09-20T10:24:00.000Z"
    },
    "__v": 0
  },
  {
    "_id": {
      "$oid": "68a488a1502886aaaf66901e"
    },
    "userId": "counselor_030",
    "name": "Alex Rodriguez",
    "email": "alex.rodriguez@mentalhealth.com",
    "phone": "+91-9876543030",
    "specialization": "Disaster Recovery",
    "category": "trauma_counseling",
    "experience": 12,
    "qualifications": [
      "BA Psychology",
      "MA Clinical Psychology",
      "EMDR Certification",
      "Trauma-Informed Care Training"
    ],
    "consultationFee": 1000,
    "availability": [
      {
        "day": "Monday",
        "slots": [
          "09:00",
          "10:00",
          "11:00"
        ],
        "_id": {
          "$oid": "68a488a1502886aaaf669406"
        }
      },
      {
        "day": "Tuesday",
        "slots": [
          "09:00",
          "10:00",
          "11:00"
        ],
        "_id": {
          "$oid": "68a488a1502886aaaf669407"
        }
      },
      {
        "day": "Wednesday",
        "slots": [
          "09:00",
          "10:00",
          "11:00"
        ],
        "_id": {
          "$oid": "68a488a1502886aaaf669408"
        }
      }
    ],
    "status": "approved",
    "createdAt": {
      "$date": "2025-09-20T10:24:00.000Z"
    },
    "updatedAt": {
      "$date": "2025-09-20T10:24:00.000Z"
    },
    "__v": 0
  },
  {
    "_id": {
      "$oid": "68a488a1502886aaaf66901f"
    },
    "userId": "counselor_031",
    "name": "Dr. Kiran Chopra",
    "email": ".kiran.chopra@mentalhealth.com",
    "phone": "+91-9876543031",
    "specialization": "Combat Trauma",
    "category": "trauma_counseling",
    "experience": 13,
    "qualifications": [
      "BA Psychology",
      "MA Clinical Psychology",
      "EMDR Certification",
      "Trauma-Informed Care Training"
    ],
    "consultationFee": 1200,
    "availability": [
      {
        "day": "Tuesday",
        "slots": [
          "14:00",
          "15:00",
          "16:00"
        ],
        "_id": {
          "$oid": "68a488a1502886aaaf669407"
        }
      },
      {
        "day": "Wednesday",
        "slots": [
          "14:00",
          "15:00",
          "16:00"
        ],
        "_id": {
          "$oid": "68a488a1502886aaaf669408"
        }
      },
      {
        "day": "Thursday",
        "slots": [
          "14:00",
          "15:00",
          "16:00"
        ],
        "_id": {
          "$oid": "68a488a1502886aaaf669409"
        }
      }
    ],
    "status": "approved",
    "createdAt": {
      "$date": "2025-09-20T10:24:00.000Z"
    },
    "updatedAt": {
      "$date": "2025-09-20T10:24:00.000Z"
    },
    "__v": 0
  },
  {
    "_id": {
      "$oid": "68a488a1502886aaaf669020"
    },
    "userId": "counselor_032",
    "name": "Megan Davis",
    "email": "megan.davis@mentalhealth.com",
    "phone": "+91-9876543032",
    "specialization": "Domestic Violence Recovery",
    "category": "trauma_counseling",
    "experience": 14,
    "qualifications": [
      "BA Psychology",
      "MA Clinical Psychology",
      "EMDR Certification",
      "Trauma-Informed Care Training"
    ],
    "consultationFee": 1400,
    "availability": [
      {
        "day": "Wednesday",
        "slots": [
          "09:00",
          "10:00",
          "11:00",
          "14:00",
          "15:00",
          "16:00",
          "18:00",
          "19:00"
        ],
        "_id": {
          "$oid": "68a488a1502886aaaf669408"
        }
      },
      {
        "day": "Thursday",
        "slots": [
          "09:00",
          "10:00",
          "11:00",
          "14:00",
          "15:00",
          "16:00",
          "18:00",
          "19:00"
        ],
        "_id": {
          "$oid": "68a488a1502886aaaf669409"
        }
      },
      {
        "day": "Friday",
        "slots": [
          "09:00",
          "10:00",
          "11:00",
          "14:00",
          "15:00",
          "16:00",
          "18:00",
          "19:00"
        ],
        "_id": {
          "$oid": "68a488a1502886aaaf66940a"
        }
      }
    ],
    "status": "approved",
    "createdAt": {
      "$date": "2025-09-20T10:24:00.000Z"
    },
    "updatedAt": {
      "$date": "2025-09-20T10:24:00.000Z"
    },
    "__v": 0
  },
  {
    "_id": {
      "$oid": "68a488a1502886aaaf669021"
    },
    "userId": "counselor_033",
    "name": "Dr. Rohit Sharma",
    "email": ".rohit.sharma@mentalhealth.com",
    "phone": "+91-9876543033",
    "specialization": "Anxiety Disorders",
    "category": "anxiety_depression",
    "experience": 15,
    "qualifications": [
      "BA Psychology",
      "MA Clinical Psychology",
      "CBT Certification",
      "Mindfulness-Based Therapy"
    ],
    "consultationFee": 1600,
    "availability": [
      {
        "day": "Monday",
        "slots": [],
        "_id": {
          "$oid": "68a488a1502886aaaf669409"
        }
      },
      {
        "day": "Tuesday",
        "slots": [],
        "_id": {
          "$oid": "68a488a1502886aaaf66940a"
        }
      },
      {
        "day": "Wednesday",
        "slots": [],
        "_id": {
          "$oid": "68a488a1502886aaaf66940b"
        }
      }
    ],
    "status": "approved",
    "createdAt": {
      "$date": "2025-09-20T10:24:00.000Z"
    },
    "updatedAt": {
      "$date": "2025-09-20T10:24:00.000Z"
    },
    "__v": 0
  },
  {
    "_id": {
      "$oid": "68a488a1502886aaaf669022"
    },
    "userId": "counselor_034",
    "name": "Chloe Miller",
    "email": "chloe.miller@mentalhealth.com",
    "phone": "+91-9876543034",
    "specialization": "Depression Treatment",
    "category": "anxiety_depression",
    "experience": 16,
    "qualifications": [
      "BA Psychology",
      "MA Clinical Psychology",
      "CBT Certification",
      "Mindfulness-Based Therapy"
    ],
    "consultationFee": 1800,
    "availability": [
      {
        "day": "Tuesday",
        "slots": [
          "09:00",
          "10:00",
          "11:00",
          "14:00",
          "15:00",
          "16:00"
        ],
        "_id": {
          "$oid": "68a488a1502886aaaf66940a"
        }
      },
      {
        "day": "Wednesday",
        "slots": [
          "09:00",
          "10:00",
          "11:00",
          "14:00",
          "15:00",
          "16:00"
        ],
        "_id": {
          "$oid": "68a488a1502886aaaf66940b"
        }
      },
      {
        "day": "Thursday",
        "slots": [
          "09:00",
          "10:00",
          "11:00",
          "14:00",
          "15:00",
          "16:00"
        ],
        "_id": {
          "$oid": "68a488a1502886aaaf66940c"
        }
      }
    ],
    "status": "approved",
    "createdAt": {
      "$date": "2025-09-20T10:24:00.000Z"
    },
    "updatedAt": {
      "$date": "2025-09-20T10:24:00.000Z"
    },
    "__v": 0
  },
  {
    "_id": {
      "$oid": "68a488a1502886aaaf669023"
    },
    "userId": "counselor_035",
    "name": "Dr. Sunita Roy",
    "email": ".sunita.roy@mentalhealth.com",
    "phone": "+91-9876543035",
    "specialization": "Panic Disorder",
    "category": "anxiety_depression",
    "experience": 17,
    "qualifications": [
      "BA Psychology",
      "MA Clinical Psychology",
      "CBT Certification",
      "Mindfulness-Based Therapy"
    ],
    "consultationFee": 2000,
    "availability": [
      {
        "day": "Wednesday",
        "slots": [
          "14:00",
          "15:00",
          "16:00"
        ],
        "_id": {
          "$oid": "68a488a1502886aaaf66940b"
        }
      },
      {
        "day": "Thursday",
        "slots": [
          "14:00",
          "15:00",
          "16:00"
        ],
        "_id": {
          "$oid": "68a488a1502886aaaf66940c"
        }
      },
      {
        "day": "Friday",
        "slots": [
          "14:00",
          "15:00",
          "16:00"
        ],
        "_id": {
          "$oid": "68a488a1502886aaaf66940d"
        }
      }
    ],
    "status": "approved",
    "createdAt": {
      "$date": "2025-09-20T10:24:00.000Z"
    },
    "updatedAt": {
      "$date": "2025-09-20T10:24:00.000Z"
    },
    "__v": 0
  },
  {
    "_id": {
      "$oid": "68a488a1502886aaaf669024"
    },
    "userId": "counselor_036",
    "name": "Tyler Brown",
    "email": "tyler.brown@mentalhealth.com",
    "phone": "+91-9876543036",
    "specialization": "Social Anxiety",
    "category": "anxiety_depression",
    "experience": 18,
    "qualifications": [
      "BA Psychology",
      "MA Clinical Psychology",
      "CBT Certification",
      "Mindfulness-Based Therapy"
    ],
    "consultationFee": 2200,
    "availability": [
      {
        "day": "Monday",
        "slots": [
          "09:00",
          "10:00",
          "11:00",
          "18:00",
          "19:00"
        ],
        "_id": {
          "$oid": "68a488a1502886aaaf66940c"
        }
      },
      {
        "day": "Tuesday",
        "slots": [
          "09:00",
          "10:00",
          "11:00",
          "18:00",
          "19:00"
        ],
        "_id": {
          "$oid": "68a488a1502886aaaf66940d"
        }
      },
      {
        "day": "Wednesday",
        "slots": [
          "09:00",
          "10:00",
          "11:00",
          "18:00",
          "19:00"
        ],
        "_id": {
          "$oid": "68a488a1502886aaaf66940e"
        }
      }
    ],
    "status": "approved",
    "createdAt": {
      "$date": "2025-09-20T10:24:00.000Z"
    },
    "updatedAt": {
      "$date": "2025-09-20T10:24:00.000Z"
    },
    "__v": 0
  },
  {
    "_id": {
      "$oid": "68a488a1502886aaaf669025"
    },
    "userId": "counselor_037",
    "name": "Dr. Aditi Gupta",
    "email": ".aditi.gupta@mentalhealth.com",
    "phone": "+91-9876543037",
    "specialization": "Generalized Anxiety",
    "category": "anxiety_depression",
    "experience": 19,
    "qualifications": [
      "BA Psychology",
      "MA Clinical Psychology",
      "CBT Certification",
      "Mindfulness-Based Therapy"
    ],
    "consultationFee": 2400,
    "availability": [
      {
        "day": "Tuesday",
        "slots": [
          "14:00",
          "15:00",
          "16:00"
        ],
        "_id": {
          "$oid": "68a488a1502886aaaf66940d"
        }
      },
      {
        "day": "Wednesday",
        "slots": [
          "14:00",
          "15:00",
          "16:00"
        ],
        "_id": {
          "$oid": "68a488a1502886aaaf66940e"
        }
      },
      {
        "day": "Thursday",
        "slots": [
          "14:00",
          "15:00",
          "16:00"
        ],
        "_id": {
          "$oid": "68a488a1502886aaaf66940f"
        }
      }
    ],
    "status": "approved",
    "createdAt": {
      "$date": "2025-09-20T10:24:00.000Z"
    },
    "updatedAt": {
      "$date": "2025-09-20T10:24:00.000Z"
    },
    "__v": 0
  },
  {
    "_id": {
      "$oid": "68a488a1502886aaaf669026"
    },
    "userId": "counselor_038",
    "name": "Hannah Wilson",
    "email": "hannah.wilson@mentalhealth.com",
    "phone": "+91-9876543038",
    "specialization": "Mood Disorders",
    "category": "anxiety_depression",
    "experience": 20,
    "qualifications": [
      "BA Psychology",
      "MA Clinical Psychology",
      "CBT Certification",
      "Mindfulness-Based Therapy"
    ],
    "consultationFee": 2600,
    "availability": [
      {
        "day": "Wednesday",
        "slots": [
          "09:00",
          "10:00",
          "11:00",
          "14:00",
          "15:00",
          "16:00"
        ],
        "_id": {
          "$oid": "68a488a1502886aaaf66940e"
        }
      },
      {
        "day": "Thursday",
        "slots": [
          "09:00",
          "10:00",
          "11:00",
          "14:00",
          "15:00",
          "16:00"
        ],
        "_id": {
          "$oid": "68a488a1502886aaaf66940f"
        }
      },
      {
        "day": "Friday",
        "slots": [
          "09:00",
          "10:00",
          "11:00",
          "14:00",
          "15:00",
          "16:00"
        ],
        "_id": {
          "$oid": "68a488a1502886aaaf669410"
        }
      }
    ],
    "status": "approved",
    "createdAt": {
      "$date": "2025-09-20T10:24:00.000Z"
    },
    "updatedAt": {
      "$date": "2025-09-20T10:24:00.000Z"
    },
    "__v": 0
  },
  {
    "_id": {
      "$oid": "68a488a1502886aaaf669027"
    },
    "userId": "counselor_039",
    "name": "Dr. Vivek Yadav",
    "email": ".vivek.yadav@mentalhealth.com",
    "phone": "+91-9876543039",
    "specialization": "Cognitive Behavioral Therapy",
    "category": "anxiety_depression",
    "experience": 21,
    "qualifications": [
      "BA Psychology",
      "MA Clinical Psychology",
      "CBT Certification",
      "Mindfulness-Based Therapy"
    ],
    "consultationFee": 2800,
    "availability": [
      {
        "day": "Monday",
        "slots": [],
        "_id": {
          "$oid": "68a488a1502886aaaf66940f"
        }
      },
      {
        "day": "Tuesday",
        "slots": [],
        "_id": {
          "$oid": "68a488a1502886aaaf669410"
        }
      },
      {
        "day": "Wednesday",
        "slots": [],
        "_id": {
          "$oid": "68a488a1502886aaaf669411"
        }
      }
    ],
    "status": "approved",
    "createdAt": {
      "$date": "2025-09-20T10:24:00.000Z"
    },
    "updatedAt": {
      "$date": "2025-09-20T10:24:00.000Z"
    },
    "__v": 0
  },
  {
    "_id": {
      "$oid": "68a488a1502886aaaf669028"
    },
    "userId": "counselor_040",
    "name": "Jordan Taylor",
    "email": "jordan.taylor@mentalhealth.com",
    "phone": "+91-9876543040",
    "specialization": "Mindfulness Therapy",
    "category": "anxiety_depression",
    "experience": 3,
    "qualifications": [
      "BA Psychology",
      "MA Clinical Psychology",
      "CBT Certification",
      "Mindfulness-Based Therapy"
    ],
    "consultationFee": 1000,
    "availability": [
      {
        "day": "Tuesday",
        "slots": [
          "09:00",
          "10:00",
          "11:00",
          "14:00",
          "15:00",
          "16:00",
          "18:00",
          "19:00"
        ],
        "_id": {
          "$oid": "68a488a1502886aaaf669410"
        }
      },
      {
        "day": "Wednesday",
        "slots": [
          "09:00",
          "10:00",
          "11:00",
          "14:00",
          "15:00",
          "16:00",
          "18:00",
          "19:00"
        ],
        "_id": {
          "$oid": "68a488a1502886aaaf669411"
        }
      },
      {
        "day": "Thursday",
        "slots": [
          "09:00",
          "10:00",
          "11:00",
          "14:00",
          "15:00",
          "16:00",
          "18:00",
          "19:00"
        ],
        "_id": {
          "$oid": "68a488a1502886aaaf669412"
        }
      }
    ],
    "status": "approved",
    "createdAt": {
      "$date": "2025-09-20T10:24:00.000Z"
    },
    "updatedAt": {
      "$date": "2025-09-20T10:24:00.000Z"
    },
    "__v": 0
  }
]